{
  "project_info": {
    "project_number": "89092957404",
    "project_id": "lbys-5f18f",
    "storage_bucket": "lbys-5f18f.firebasestorage.app"
  },
  "client": [
    {
      "client_info": {
        "mobilesdk_app_id": "1:89092957404:android:a371a5c2c184a86ece4019",
        "android_client_info": {
          "package_name": "com.example.lbys_flutter"
        }
      },
      "oauth_client": [],
      "api_key": [
        {
          "current_key": "AIzaSyBU-D1z1sbe1OGQpwTkCLrRBxLlFhZASP4"
        }
      ],
      "services": {
        "appinvite_service": {
          "other_platform_oauth_client": []
        }
      }
    },
    {
      "client_info": {
        "mobilesdk_app_id": "1:89092957404:android:656e7127eb23fe93ce4019",
        "android_client_info": {
          "package_name": "com.example.lbys_project"
        }
      },
      "oauth_client": [],
      "api_key": [
        {
          "current_key": "AIzaSyBU-D1z1sbe1OGQpwTkCLrRBxLlFhZASP4"
        }
      ],
      "services": {
        "appinvite_service": {
          "other_platform_oauth_client": []
        }
      }
    }
  ],
  "configuration_version": "1"
}