{"flutter":{"platforms":{"android":{"default":{"projectId":"lbys-5f18f","appId":"1:89092957404:android:a371a5c2c184a86ece4019","fileOutput":"android/app/google-services.json"}},"dart":{"lib/firebase_options.dart":{"projectId":"lbys-5f18f","configurations":{"android":"1:89092957404:android:a371a5c2c184a86ece4019","ios":"1:89092957404:ios:ae8e4977e130e272ce4019","macos":"1:89092957404:ios:ae8e4977e130e272ce4019","web":"1:89092957404:web:a0cd2f071bcab140ce4019","windows":"1:89092957404:web:a718088c675ac052ce4019"}}}}}}